,0,1
0,"{'from': 'human', 'value': ""Write Python code to solve the task:\nIt is known that even numbers greater than or equal to 4 can be represented by the sum of two prime numbers. This is called the Goldbach's conjecture, and computer calculations have confirmed that it is correct up to a fairly large number. For example, 10 can be represented by the sum of two prime numbers, 7 + 3 and 5 + 5.\n\nWrite a program that inputs the integer n and outputs how many combinations of n are the sum of two prime numbers. However, n must be 4 or more and 50,000 or less. Also, the n entered is not always even.\n\n\n\nInput\n\nGiven multiple datasets. Each dataset is given n on one row. When n is 0, it is the last input. The number of datasets does not exceed 10,000.\n\nOutput\n\nFor each dataset, output the number of combinations in which n is the sum of two prime numbers on one line.\n\nExample\n\nInput\n\n10\n11\n0\n\n\nOutput\n\n2\n0""}","{'from': 'gpt', 'value': ""Step 1:  The problem requires us to count the number of combinations of n that are the sum of two prime numbers, known as Goldbach's conjecture.\nStep 2:  We can use the sieve of Eratosthenes to find all prime numbers up to 50000. This will allow us to efficiently check if a number is prime.\nStep 3:  Then, we can implement a function to count the number of combinations for a given n using the list of prime numbers.\nStep 4:  We also need to handle the input and output of multiple datasets until the input n is 0.\nStep 5:  We will use a loop to read input and call the function to output the result.\n```python\n# Step 6: \nimport sys\n\n# Step 7:  Function to find all prime numbers less than or equal to the input value using the sieve of Eratosthenes.\ndef sieve(m):\n    N = list(range(1, m+2, 2))\n    r = int(m**.5)\n    h = len(N)\n    N[0] = 0\n    for i in range(h):\n        x = N[i]\n        if x > r:\n            break\n        if x and i + x < h:\n            N[i+x:h:x] = [0]*((h-1-i-x)//x+1)\n    return N\n\n# Step 8:  Function to count the number of combinations of n as the sum of two prime numbers.\ndef f0056(n):\n    x = 0\n    if n < 4:\n        x = 0\n    elif n == 4:\n        x = 1\n    elif n % 2 == 1:\n        if S[(n-2)//2]:\n            x = 1\n    else:\n        a = n // 2\n        for e in PRIMES:\n            if e > a:\n                break\n            if S[(n-e)//2]:\n                x += 1\n    return x\n\n# Step 9:  Generate a list of all primes less than or equal to 50000.\nS = sieve(50000)\nPRIMES = list(filter(None, S))\n\n# Step 10:  Input and output handling\nfor line in map(int, sys.stdin.read().split()):\n    if line == 0:\n        break\n    print(f0056(line))\n\n```""}"
1,"{'from': 'human', 'value': 'How does the force production of a muscle change as the joint angle changes during movement?'}","{'from': 'gpt', 'value': 'The force production of a muscle during movement is influenced by the changes in the joint angle. This relationship can be explained through the length-tension relationship and the force-velocity relationship of muscles.\n\n1. Length-tension relationship: The force a muscle can produce is dependent on its length. At a specific length, the muscle can generate its maximum force. This optimal length is where the maximum overlap of actin and myosin filaments occurs, allowing for the greatest number of cross-bridges to form. As the joint angle changes, the muscle length changes, which in turn affects the force production. When the muscle is either too short or too long, the force production decreases because the overlap of actin and myosin filaments is not optimal, resulting in fewer cross-bridges and less force generation.\n\n2. Force-velocity relationship: The force a muscle can produce is also dependent on the velocity of its contraction. When a muscle contracts quickly (concentric contraction), the force production decreases because there is less time for cross-bridge formation. Conversely, when a muscle contracts slowly or is lengthening (eccentric contraction), the force production increases because more cross-bridges can form. As the joint angle changes during movement, the velocity of muscle contraction changes, which affects the force production.\n\nIn summary, the force production of a muscle changes as the joint angle changes during movement due to the length-tension relationship and the force-velocity relationship of muscles. These factors contribute to the varying force production capabilities of muscles throughout the range of motion of a joint.'}"
2,"{'from': 'human', 'value': 'For a right angle triangle, the hypotenuse is some length and the base is 3. The area of the triangle is 6. What is the length of the hypotenuse?'}","{'from': 'gpt', 'value': ""Let's denote the length of the hypotenuse as \\( c \\) and the length of the other side (height) as \\( b \\). We know the base is 3 units, so we can denote it as \\( a = 3 \\).\n\nThe area of a right-angled triangle is given by the formula:\n\\[ \\text{Area} = \\frac{1}{2} \\times \\text{base} \\times \\text{height} \\]\n\nGiven that the area is 6 square units, we can write:\n\\[ 6 = \\frac{1}{2} \\times 3 \\times b \\]\n\\[ 6 = \\frac{3}{2} \\times b \\]\n\\[ b = \\frac{6}{\\frac{3}{2}} \\]\n\\[ b = \\frac{6 \\times 2}{3} \\]\n\\[ b = 4 \\]\n\nNow we have the lengths of the base and the height, we can use the Pythagorean theorem to find the length of the hypotenuse \\( c \\). The Pythagorean theorem states that in a right-angled triangle:\n\\[ c^2 = a^2 + b^2 \\]\n\nSubstituting the known values:\n\\[ c^2 = 3^2 + 4^2 \\]\n\\[ c^2 = 9 + 16 \\]\n\\[ c^2 = 25 \\]\n\nTaking the square root of both sides to find \\( c \\):\n\\[ c = \\sqrt{25} \\]\n\\[ c = 5 \\]\n\nSo, the length of the hypotenuse is 5 units.""}"
3,"{'from': 'human', 'value': 'Describe the ability to focus.'}","{'from': 'gpt', 'value': 'The ability to focus refers to the mental concentration and effort one puts towards a specific task, activity, or goal. It involves directing your attention towards the relevant information, while tuning out any distractions or irrelevant thoughts. Focus is a cognitive skill that allows individuals to maintain their attention and sustain their efforts over an extended period of time. It helps improve productivity and efficiency, and is essential for success in various aspects of life, such as academic, professional, and personal development. Focus may be influenced by individual factors, such as motivation and interest, as well as external factors such as environment and task demands. It requires self-discipline and conscious effort, and can be improved through practice and training, such as mindfulness and cognitive exercises.'}"
4,"{'from': 'human', 'value': 'How does the variation in electronegativity values of elements affect the type of bonding and the resulting molecular structure formed between them? Provide examples to support your answer.'}","{'from': 'gpt', 'value': 'The variation in electronegativity values of elements plays a significant role in determining the type of bonding and the resulting molecular structure formed between them. Electronegativity is the ability of an atom to attract the shared pair of electrons in a covalent bond towards itself. The difference in electronegativity values between two atoms can help predict the type of bond that will form between them.\n\n1. Nonpolar covalent bond: When the electronegativity difference between two atoms is very small (usually less than 0.5), a nonpolar covalent bond is formed. In this type of bond, the electrons are shared almost equally between the two atoms, resulting in a balanced distribution of electron density. This leads to the formation of symmetrical molecular structures. For example, in a hydrogen molecule (H2), the electronegativity difference between the two hydrogen atoms is zero, resulting in a nonpolar covalent bond and a symmetrical molecular structure.\n\n2. Polar covalent bond: When the electronegativity difference between two atoms is moderate (usually between 0.5 and 1.7), a polar covalent bond is formed. In this type of bond, the electrons are shared unequally between the two atoms, resulting in a partial positive charge on the less electronegative atom and a partial negative charge on the more electronegative atom. This leads to the formation of polar molecular structures. For example, in a water molecule (H2O), the electronegativity difference between oxygen and hydrogen is about 1.4, resulting in a polar covalent bond and a bent molecular structure with a partial negative charge on the oxygen atom and partial positive charges on the hydrogen atoms.\n\n3. Ionic bond: When the electronegativity difference between two atoms is large (usually greater than 1.7), an ionic bond is formed. In this type of bond, the more electronegative atom attracts the electrons from the less electronegative atom, resulting in the formation of positively charged cations and negatively charged anions. These ions are held together by electrostatic forces, leading to the formation of ionic compounds with a lattice structure. For example, in sodium chloride (NaCl), the electronegativity difference between sodium and chlorine is about 2.1, resulting in an ionic bond and a lattice structure composed of alternating Na+ and Cl- ions.\n\nIn summary, the variation in electronegativity values of elements affects the type of bonding (nonpolar covalent, polar covalent, or ionic) and the resulting molecular structure (symmetrical, polar, or lattice) formed between them. Understanding these relationships is essential for predicting the properties and reactivity of different compounds.'}"
5,"{'from': 'system', 'value': 'Provide the best response to a given instruction. Follow the following steps to craft your response:\n1. reason about the given instruction\n2. provide a high-quality solution\n3. offer a concise explanation\n4. write tests to verify the correctness your solution\n\n## Example 1\n### Instruction\nCreate a Python function to format a file size in bytes into a human-readable string representation, using \'bytes\', \'KB\' (kilobytes), \'MB\' (megabytes), \'GB\' (gigabytes), or \'TB\' (terabytes) units. The output should be rounded to one decimal place and follow the format: ""{X.Y}{Unit}"", where ""Unit"" is the appropriate size unit and ""X.Y"" is the rounded size. For example, `format_size(1024 * 512)` should return `\'512.0KB\'`, and `format_size(1024**2 - 1)` should return `\'1024.0KB\'`.\n\n### Response\n[Reasoning]\nTo create such a function, we can use a loop to iterate through a predefined list of units (`[\'bytes\', \'KB\', \'MB\', \'GB\', \'TB\']`) and check if the given number of bytes fits into the current unit by comparing it with 1024.0 and -1024.0 (for handling negative sizes). We\'ll keep dividing the number by 1024.0 until the correct unit is found where the number is less than 1024.0. Then, we\'ll format the result using the appropriate unit and the rounded size.\n\n[Implementation]\n```python\ndef format_size(size_bytes):\n    units = [\'bytes\', \'KB\', \'MB\', \'GB\', \'TB\']\n    if size_bytes == 0:\n        return ""0.0bytes""  # Directly return for 0 bytes to avoid division by zero in loop\n    num = abs(size_bytes)\n    unit = units[0]\n\n    for u in units[1:]:\n        if num < 1024.0:\n            break\n        num /= 1024.0\n        unit = u\n\n    formatted_size = f""{num:.1f}{unit}""\n    return formatted_size if size_bytes >= 0 else f""-{formatted_size}""\n```\n\n[Explanation]\nThis implementation handles both positive and negative file sizes and returns the formatted size as a string, even though negative sizes are not common in real-world scenarios.\n\n[Tests]\nYou can write the following test cases to ensure it works correctly:\n\n```python\ntest_data = [\n    (1024 ** 2, ""1.0MB""),\n    (1024 ** 2 - 1, ""1024.0KB""),\n    (1024 ** 3 * 512, ""512.0GB""),\n    (1024 ** 4 * 512, ""512.0TB""),\n]\nfor size, expected_output in test_data:\n    assert format_size(size) == expected_output\n    assert format_size(-size) == f""-{expected_output}""\n```\n\nThese test cases cover both positive and negative sizes across different units to validate the correctness of the `format_size` function.\n\n## Example 2\n### Instruction\nI have a list of names and a list of salaries. I want to create a string that formats the names and salaries in a specific way. If the salary is less than 20,000, the name should be formatted with a yellow background and bold text. If the salary is greater than or equal to 20,000, the name should be formatted with a blue background and italic text. The format string should be:\n\n```\n<name>: <salary>\n```\n\nHere is an example:\n\n```python\nnames = [""Alice"", ""Bob"", ""Charlie""]\nsalaries = [18000, 22000, 15000]\n\n# Expected output:\n# Alice: 18000\n# Bob: 22000\n# Charlie: 15000\n```\n\n### Response'}","{'from': 'human', 'value': 'I have a list of names and a list of salaries. I want to create a string that formats the names and salaries in a specific way. If the salary is less than 20,000, the name should be formatted with a yellow background and bold text. If the salary is greater than or equal to 20,000, the name should be formatted with a blue background and italic text. The format string should be:\n\n```\n<name>: <salary>\n```\n\nHere is an example:\n\n```python\nnames = [""Alice"", ""Bob"", ""Charlie""]\nsalaries = [18000, 22000, 15000]\n\n# Expected output:\n# Alice: 18000\n# Bob: 22000\n# Charlie: 15000\n```'}"
6,"{'from': 'human', 'value': 'Write Python code to solve the task:\nSomnath is a Grammar Nazi. He keeps pointing out others’ grammatical mistakes. However, for a given sentence, he tries to remember all the unique words only so that he can be more efficient with his annoying habit. You wish to join his team to help him with his obsession for Queen’s Language. Given a sentence S, find the number of unique words present in it. S contains only English alphabets in lowercase and ends with a newline character (‘\\n’).\n\nInput Format\nThe first line comprises no. of test cases T. Each of the T lines that follow comprises a sentence containing one or more space-separated words.\n\nOutput Format\nIn each of the T lines, display an integer equal to the number of unique words present in the sentence.\n\nConstraints\n\n1 ≤ T ≤ 10^5\n1 ≤ |S| ≤ 1050\n\nSAMPLE INPUT\n3\nperfection is achieved not when there is nothing more to add but when there is nothing left to take away\nyou must be the change you wish to see in the world\nif the lessons of history teach us anything it is that nobody learns the lessons that history teaches us\n\nSAMPLE OUTPUT\n14\n10\n14'}","{'from': 'gpt', 'value': ""Step 1: Input the number of test cases 'T'.\nStep 2: For each test case, input the sentence 'S'.\nStep 3: Split the sentence into words using the space separator.\nStep 4: Create an empty set to store unique words.\nStep 5: Iterate through each word in the sentence.\nStep 6: Add each word to the set.\nStep 7: Once all words have been added to the set, the size of the set will represent the number of unique words in the sentence.\n```python\n# Step 8: Take input for the number of test cases, denoted by 'T'.\nT = int(input())\n\n# Step 9: Iterate through each test case.\nfor _ in range(T):\n    # Step 10:  Take input for the sentence, denoted by 'S'.\n    S = input().strip()\n    # Step 11:  Split the sentence into words using the split() function.\n    words = S.split()\n    # Step 12:  Create an empty set to store unique words.\n    unique_words = set()\n    # Step 13:  Iterate through each word and add it to the set.\n    for word in words:\n        unique_words.add(word)\n    # Step 14:  Print the size of the set, which represents the number of unique words in the sentence.\n    print(len(unique_words))\n```""}"
7,"{'from': 'system', 'value': 'You are a helpful assistant, with no access to external functions.'}","{'from': 'human', 'value': 'Suppose we have a sequence of numbers: 1, 1, 2, 3, 5, 8, 13, 21, 34, 55, ... Each number after the first two is the sum of the two preceding ones. What is the 15th number in this sequence? Additionally, find the sum of the first 14 numbers in the sequence.'}"
8,"{'from': 'human', 'value': 'Statement 1 | In abstract algebra, a ring is a set equipped with two binary operations satisfying properties analogous to those of addition and multiplication in the integers. Statement 2 | An ideal in a ring is a nonempty subset that is closed under addition and subtraction but not necessary under multiplication by elements from the ring.  Answer Choices: (A) True, True (B) False, False (C) True, False (D) False, True.'}","{'from': 'gpt', 'value': 'Statement 1: In abstract algebra, a ring is a set equipped with two binary operations satisfying properties analogous to those of addition and multiplication in the integers. This statement is true. A ring in abstract algebra is indeed a set with two binary operations (typically referred to as addition and multiplication) that satisfy properties similar to those in the set of integers. These properties include associativity, distributivity of multiplication over addition, and existence of additive identity and additive inverses. Statement 2: An ideal in a ring is a nonempty subset that is closed under addition and subtraction but not necessary under multiplication by elements from the ring. This statement is false. An ideal in a ring is indeed a nonempty subset that is closed under addition and subtraction, but it is also required to be closed under multiplication by any element from the ring, not just elements from the ideal itself. The answer is B.'}"
9,"{'from': 'system', 'value': 'You are an AI assistant that follows instruction extremely well. Help as much as you can.'}","{'from': 'human', 'value': 'Read the following article and select the best answer. Article: A black hole is created when a large star burns out. Like our sun, stars are unbelievably hot furnaces   that burn their own matter as fuel. When most of the fuel is used up, the star begins to die. The death of a star is not a quiet event. First there is a huge explosion. As its outer layer is blasted off into space, the dying star shines as brightly as a billion suns. After the explosion gravity pulls in what\'s left of the star. As the outside of the star sinks toward the center, the star gets smaller and smaller. The material the star is made of becomes tightly packed together. A star is so dense that a teaspoon of matter from it weighs billion of pounds. The more the star shrinks, the stronger the gravity inside it becomes. Soon the star is very tiny, and the gravity pulling it in is unbelievably strong. In fact, the gravity is so strong that it even pulls light into the star! Since all the light is pulled in, none can go out. The star becomes black when there is no light. Then a black hole is born! That\'s what we know about black holes. What we don\'t know is this: What happens inside a black hole after the star has been squeezed into a tiny ball? Does it keep getting smaller and smaller forever? Such a possibility is hard to imagine. But if the black hole doesn\'t keep shrinking, what happens to it? Some scientists think black holes are like doorways to another world. They say that as the star disappears from our universe, it goes into another universe. In other words a black hole in our universe could turn into a ""white hole"" in a different universe. As the black hole swallows light, the white hole shines brightly--somewhere else. But where? A different place, perhaps, or a different time -- many years in the past or future. Could you travel through a black hole? Right now, no. Nothing we know of could go into a black hole without being crushed. So far the time being, black hole must remain a mystery. Black holes are a mystery--but that hasn\'t stopped scientists from dreaming about them. One scientist... Question: When the star begins to die   _  . - there is no fuel left in it - its outer layer goes into space first - a huge explosion will happen - it doesn\'t give off light any longer\nAnswer:'}"
10,"{'from': 'human', 'value': 'Examine the importance of energy storage systems in enabling the widespread use of renewable energy sources such as wind and solar power. Explore how energy storage can increase the efficiency, reliability, and overall viability of renewable energy, and investigate the various storage technologies and methods used to store excess energy. Assess the economic, environmental, and social implications of energy storage for renewable energy deployment, and discuss obstacles and challenges that may hinder the adoption of energy storage technologies in the renewable energy sector.'}","{'from': 'gpt', 'value': 'The shift towards renewable energy sources has been gaining momentum in recent years, with countries around the world setting targets to reduce their carbon footprint and combat climate change. However, one of the major challenges in increasing the usage of renewable power sources such as wind and solar is their intermittent nature, as they are often reliant on weather conditions. Energy storage systems can play a critical role in addressing this challenge, enabling a reliable and efficient supply of renewable power.\n\nEnergy storage allows excess energy generated during peak production periods to be stored for use during times when production levels are low. This not only increases the efficiency of renewable energy systems by avoiding waste, but also makes them more reliable, reducing the risk of power outages during intermittent periods. Additionally, energy storage systems can help balance the grid by providing energy when demand is high, reducing the need for expensive, fossil-fuel-based peak-power generation.\n\nThere are various energy storage technologies that can store the excess power generated during peak production periods, including batteries, compressed air, flywheel, and pumped hydro systems. Each of these technologies has its own unique advantages and disadvantages, and their choice often depends on local resources, geography, and energy needs. For instance, pumped hydro systems can store large amounts of energy and provide sustained power output, but require specific geographies with access to large water reservoirs and infrastructure investments.\n\nThe adoption of energy storage technologies for renewable energy sources also carries significant economic, environmental, and social implications. On the one hand, energy storage increases the demand for storage and battery manufacturing, creating new job opportunities in the renewable energy sector. Additionally, storage systems reduce the volatility of energy prices, providing a stable and reliable power source to consumers. On the other hand, the environmental impact of manufacturing storage systems can be significant, particularly for certain technologies that rely on the use of rare earth elements.\n\nDespite the benefits of energy storage for renewable energy sources, there are a number of obstacles and challenges that may hinder their widespread adoption. For instance, the high upfront cost of storage systems and ongoing operational and maintenance costs may be prohibitive for some regions or users. Additionally, regulatory issues such as energy pricing structures and market access for storage providers may need to be addressed to make the technology economically viable.\n\nOverall, energy storage systems have the potential to revolutionize renewable energy sources, increasing their efficiency, reliability, and overall viability. However, careful consideration of the costs, benefits, and potential impacts is required to fully realize their potential, and continued innovation and investment will be necessary to overcome existing obstacles and challenges.'}"
11,"{'from': 'system', 'value': 'Provide the best response to a given instruction. Follow the following steps to craft your response:\n1. reason about the given instruction\n2. provide a high-quality solution\n3. offer a concise explanation\n4. write tests to verify the correctness your solution\n\n## Example 1\n### Instruction\nCreate a Python function to format a file size in bytes into a human-readable string representation, using \'bytes\', \'KB\' (kilobytes), \'MB\' (megabytes), \'GB\' (gigabytes), or \'TB\' (terabytes) units. The output should be rounded to one decimal place and follow the format: ""{X.Y}{Unit}"", where ""Unit"" is the appropriate size unit and ""X.Y"" is the rounded size. For example, `format_size(1024 * 512)` should return `\'512.0KB\'`, and `format_size(1024**2 - 1)` should return `\'1024.0KB\'`.\n\n### Response\n[Reasoning]\nTo create such a function, we can use a loop to iterate through a predefined list of units (`[\'bytes\', \'KB\', \'MB\', \'GB\', \'TB\']`) and check if the given number of bytes fits into the current unit by comparing it with 1024.0 and -1024.0 (for handling negative sizes). We\'ll keep dividing the number by 1024.0 until the correct unit is found where the number is less than 1024.0. Then, we\'ll format the result using the appropriate unit and the rounded size.\n\n[Implementation]\n```python\ndef format_size(size_bytes):\n    units = [\'bytes\', \'KB\', \'MB\', \'GB\', \'TB\']\n    if size_bytes == 0:\n        return ""0.0bytes""  # Directly return for 0 bytes to avoid division by zero in loop\n    num = abs(size_bytes)\n    unit = units[0]\n\n    for u in units[1:]:\n        if num < 1024.0:\n            break\n        num /= 1024.0\n        unit = u\n\n    formatted_size = f""{num:.1f}{unit}""\n    return formatted_size if size_bytes >= 0 else f""-{formatted_size}""\n```\n\n[Explanation]\nThis implementation handles both positive and negative file sizes and returns the formatted size as a string, even though negative sizes are not common in real-world scenarios.\n\n[Tests]\nYou can write the following test cases to ensure it works correctly:\n\n```python\ntest_data = [\n    (1024 ** 2, ""1.0MB""),\n    (1024 ** 2 - 1, ""1024.0KB""),\n    (1024 ** 3 * 512, ""512.0GB""),\n    (1024 ** 4 * 512, ""512.0TB""),\n]\nfor size, expected_output in test_data:\n    assert format_size(size) == expected_output\n    assert format_size(-size) == f""-{expected_output}""\n```\n\nThese test cases cover both positive and negative sizes across different units to validate the correctness of the `format_size` function.\n\n## Example 2\n### Instruction\nWrite a Python function to check if two strings are parenthesized properly. The function should return `True` if both strings have the same number of opening and closing parenthesis, and the parenthesis are properly nested.\n\nFor example, given the two strings `""())""` and `""((()))""`, the function should return `False` because the first string is not properly nested, while the second string is.\n\n### Response'}","{'from': 'human', 'value': 'Write a Python function to check if two strings are parenthesized properly. The function should return `True` if both strings have the same number of opening and closing parenthesis, and the parenthesis are properly nested.\n\nFor example, given the two strings `""())""` and `""((()))""`, the function should return `False` because the first string is not properly nested, while the second string is.'}"
12,"{'from': 'human', 'value': 'Solve the following problem step-by-step:\nGiven the context and corresponding question, choose the correct answer from the options.\n\nContext: \nTanco, a leather manufacturer, uses large quantities of common salt to preserve animal hides. New environmental regulations have significantly increased the cost of disposing of salt water that results from this use, and, in consequence, Tanco is considering a plan to use potassium chloride in place of common salt. Research has shown that Tanco could reprocess the by-product of potassium chloride use to yield a crop fertilizer, leaving a relatively small volume of waste for disposal.\n\nQuestion: \nIn determining the impact on company profits of using potassium chloride in place of common salt, it would be important for Tanco to research all of the following EXCEPT:\n\nOptions: \nA. What environmental regulations, if any, constrain the disposal of the waste generated in reprocessing the by-product of potassium chloride?\nB. Are the chemical properties that make potassium chloride an effective means for preserving animal hides the same as those that make common salt an effective means for doing so?\nC. What difference, if any, is there between the cost of the common salt needed to preserve a given quantity of animal hides and the cost of the potassium chloride needed to preserve the same quantity of hides?\nD. To what extent is the equipment involved in preserving animal hides using common salt suitable for preserving animal hides using potassium chloride?\n\n'}","{'from': 'gpt', 'value': 'Step 1: Tanco is considering using potassium chloride in place of common salt due to increased costs of disposing of salt water.\nStep 2: Research has shown that the by-product of potassium chloride use can be reprocessed to yield a crop fertilizer, leaving a small volume of waste for disposal.\nStep 3: The question asks what aspects Tanco should research EXCEPT for one option.\nStep 4: Option A: Tanco should research environmental regulations that constrain the disposal of the waste generated from reprocessing the by-product of potassium chloride.\nStep 5: Option B: Tanco should research whether the chemical properties of potassium chloride are the same as those of common salt in effectively preserving animal hides.\nStep 6: Option C: Tanco should research the cost difference between using common salt and potassium chloride for preserving a given quantity of animal hides.\nStep 7: Option D: Tanco should research the extent to which the equipment involved in preserving animal hides using common salt is suitable for preserving hides using potassium chloride.\nStep 8: To determine the impact on company profits of using potassium chloride in place of common salt, Tanco should research all aspects mentioned in options A, B, C, and D.\nStep 9: The option that Tanco does not need to research is Option C because the cost of salt needed to preserve animal hides is not relevant to the impact on company profits. Thus, the answer is C.\nAnswer:\nC'}"
13,"{'from': 'human', 'value': ""Solve the following math problem step-by-step.\nSimplify your answer as much as possible. Present your final answer as \\boxed{Your Answer}.\nevery letter in the alphabet has a number value that is equal to its place in the alphabet . thus , the letter a has a value of 1 , the letter b has a value of 2 , the letter c has a value of 3 , etc . . . the number value of a word is obtained by adding up the value of the letters in the word and then multiplying that sum by the length of the word . what is the number value of the word ` ` cow ' ' ?""}","{'from': 'gpt', 'value': 'Step 1: Calculate the numerical value of each letter in the word ""cow"": c=3, o=15, w=23.\nStep 2: Add up the numerical values of the letters in the word ""cow"": 3+15+23 = 41.\nStep 3: Calculate the length of the word ""cow"": length = 3.\nStep 4: Multiply the sum of the numerical values of the letters by the length of the word: 41 * 3 = 123.\n\nAnswer:\n\\boxed{123}'}"
14,"{'from': 'human', 'value': ""Write Python code to solve the task:\nOnce upon a time a little frog whose name was Vasya decided to travel around his home swamp. Overall there are n mounds on the swamp, located on one line. The distance between the neighboring mounds is one meter. Vasya wants to visit all the mounds in one day; besides, he wants to visit each one exactly once. For that he makes a route plan, to decide the order in which to jump on the mounds. Vasya can pick any mound as the first one. He thinks it boring to jump two times at the same distance. That's why he wants any two jumps on his route to have different lengths. Help Vasya the Frog and make the plan for him.\n\nInput\n\nThe single line contains a number n (1 ≤ n ≤ 104) which is the number of mounds.\n\nOutput\n\nPrint n integers pi (1 ≤ pi ≤ n) which are the frog's route plan. \n\n  * All the pi's should be mutually different. \n  * All the |pi–pi + 1|'s should be mutually different (1 ≤ i ≤ n - 1). \n\n\n\nIf there are several solutions, output any.\n\nExamples\n\nInput\n\n2\n\n\nOutput\n\n1 2 \n\nInput\n\n3\n\n\nOutput\n\n1 3 2 ""}","{'from': 'gpt', 'value': 'Step 1:  To solve this problem, we need to generate a route plan for Vasya the Frog to visit all the mounds in the swamp in one day.\nStep 2:  The route plan should satisfy the conditions that Vasya visits each mound exactly once and no two jumps have the same length.\nStep 3:  We can start by determining the order in which Vasya should jump on the mounds, ensuring that the distances between the jumps are different.\nStep 4:  We also need to consider the case when there are several solutions.\n```python\n# Step 5:  Read the input, which is the number of mounds in the swamp.\nN = int(input())\n\n# Step 6:  Iterate through the first half of the mounds to generate the route plan based on the given conditions.\nfor i in range(N // 2):\n    # Step 7:  Print the jumps in the calculated order.\n    \n    print(i + 1, N - i, end="" "")\n\n# Step 8:  If the total number of mounds is odd, print the remaining value to complete the route plan.\nif N % 2 == 1:\n    print(N // 2 + 1)\n\n```'}"
15,"{'from': 'human', 'value': 'You are given a binary string `binary` consisting of only `0`\'s or `1`\'s. You can apply each of the following operations any number of times:\n\n*   Operation 1: If the number contains the substring `""00 ""`, you can replace it with `""10 ""`.\n    *   For example, `""00010 "" -> ""10010` ""\n*   Operation 2: If the number contains the substring `""10 ""`, you can replace it with `""01 ""`.\n    *   For example, `""00010 "" -> ""00001 ""`\n\n_Return the **maximum binary string** you can obtain after any number of operations. Binary string `x` is greater than binary string `y` if `x`\'s decimal representation is greater than `y`\'s decimal representation._\n\n**Example 1:**\n\n**Input:** binary =  ""000110 ""\n**Output:**  ""111011 ""\n**Explanation:** A valid transformation sequence can be:\n ""000110 "" ->  ""000101 "" \n ""000101 "" ->  ""100101 "" \n ""100101 "" ->  ""110101 "" \n ""110101 "" ->  ""110011 "" \n ""110011 "" ->  ""111011 ""\n\n**Example 2:**\n\n**Input:** binary =  ""01 ""\n**Output:**  ""01 ""\n**Explanation:**  ""01 "" cannot be transformed any further.\n\n**Constraints:**\n\n*   `1 <= binary.length <= 105`\n*   `binary` consist of `\'0\'` and `\'1\'`.\n None'}","{'from': 'gpt', 'value': '1. Count the number of zeros in the binary string.\n2. If there is only one zero or no zeros, the binary string cannot be transformed further, so return the original binary string.\n3. Count the number of ones in the binary string.\n4. The maximum binary string can be obtained by placing all ones to the left and all zeros to the right, except for the last zero, which should be replaced by a one.\n5. Construct the result string by concatenating \'1\' repeated one_count times, \'0\' repeated (zero_count - 1) times, and \'1\'.\n6. Return the result string truncated to the original binary string length.\n\n\ndef maximum_binary_string(binary: str) -> str:\n    zero_count = binary.count(\'0\')\n\n    if zero_count <= 1:\n        return binary\n\n    one_count = len(binary) - zero_count\n\n    result = ""1"" * one_count + ""0"" * (zero_count - 1) + ""1####1""\n    return result[:len(binary)]\n'}"
16,"{'from': 'human', 'value': ""Create a solution in NetRexx to the following:\n\n\n This page uses content from Wikipedia. The original article was at Benford's_law. The list of authors can be seen in the page history. As with Rosetta Code, the text of Wikipedia is available under the GNU FDL. (See links for details on variance)\n\n\nBenford's law, also called the first-digit law, refers to the frequency distribution of digits in many (but not all) real-life sources of data.\n\nIn this distribution, the number 1 occurs as the first digit about 30% of the time, while larger numbers occur in that position less frequently: 9 as the first digit less than 5% of the time. This distribution of first digits is the same as the widths of gridlines on a logarithmic scale.\n\nBenford's law also concerns the expected distribution for digits beyond the first, which approach a uniform distribution.\n\nThis result has been found to apply to a wide variety of data sets, including electricity bills, street addresses, stock prices, population numbers, death rates, lengths of rivers, physical and mathematical constants, and processes described by power laws (which are very common in nature). It tends to be most accurate when values are distributed across multiple orders of magnitude.\n\nA set of numbers is said to satisfy Benford's law if the leading digit \n\n\n\nd\n\n\n{\\displaystyle d}\n\n\xa0\xa0(\n\n\n\nd\n∈\n{\n1\n,\n…\n,\n9\n}\n\n\n{\\displaystyle d\\in \\{1,\\ldots ,9\\}}\n\n) occurs with probability\n\n \n\n\n\nP\n(\nd\n)\n=\n\nlog\n\n10\n\n\n\u2061\n(\nd\n+\n1\n)\n−\n\nlog\n\n10\n\n\n\u2061\n(\nd\n)\n=\n\nlog\n\n10\n\n\n\u2061\n\n(\n1\n+\n\n\n1\nd\n\n\n)\n\n\n\n{\\displaystyle P(d)=\\log _{10}(d+1)-\\log _{10}(d)=\\log _{10}\\left(1+{\\frac {1}{d}}\\right)}\n\n\nFor this task, write (a) routine(s) to calculate the distribution of first significant (non-zero) digits in a collection of numbers, then display the actual vs. expected distribution in the way most convenient for your language (table / graph / histogram / whatever).\n\nUse the first 1000 numbers from the Fibonacci sequence as your data set. No need to show how the Fibonacci numbers are obtained.\n\nYou can generate them or load them from a file; whichever is easiest.\n\nDisplay your actual vs expected distribution.\n\n\nFor extra credit: Show the distribution for one other set of numbers from a page on Wikipedia. State which Wikipedia page it can be obtained from and what the set enumerates. Again, no need to display the actual list of numbers or the code to load them.\n\n\n\nSee also:\n numberphile.com.\n A starting page on Wolfram Mathworld is Benfords Law .\n\n""}","{'from': 'gpt', 'value': ""/* NetRexx */\noptions replace format comments java crossref symbols nobinary\n\xa0\nrunSample(arg)\nreturn\n\xa0\n-- ~~~~~~~~~~~~~~~~~~~~~~~~~~~~~~~~~~~~~~~~~~~~~~~~~~~~~~~~~~~~~~~~~~~~~~~~~~~~~\nmethod brenfordDeveation(nlist = Rexx[]) public static\n  observed = 0\n  loop n_ over nlist\n    d1 = n_.left(1)\n    if d1 = 0 then iterate n_\n    observed[d1] = observed[d1] + 1\n    end n_\n  say ' '.right(4) 'Observed'.right(11) 'Expected'.right(11) 'Deviation'.right(11)\n  loop n_ = 1 to 9\n    actual = (observed[n_] / (nlist.length - 1))\n    expect = Rexx(Math.log10(1 + 1 / n_))\n    deviat = expect - actual\n    say n_.right(3)':' (actual * 100).format(3, 6)'%' (expect * 100).format(3, 6)'%' (deviat * 100).abs().format(3, 6)'%'\n    end n_\n  return\n\xa0\n-- ~~~~~~~~~~~~~~~~~~~~~~~~~~~~~~~~~~~~~~~~~~~~~~~~~~~~~~~~~~~~~~~~~~~~~~~~~~~~~\nmethod fibonacciList(size = 1000) public static returns Rexx[]\n  fibs = Rexx[size + 1]\n  fibs[0] = 0\n  fibs[1] = 1\n  loop n_ = 2 to size\n    fibs[n_] = fibs[n_ - 1] + fibs[n_ - 2]\n    end n_\n  return fibs\n\xa0\n-- ~~~~~~~~~~~~~~~~~~~~~~~~~~~~~~~~~~~~~~~~~~~~~~~~~~~~~~~~~~~~~~~~~~~~~~~~~~~~~\nmethod runSample(arg) private static\n  parse arg n_ .\n  if n_ = '' then n_ = 1000\n  fibList = fibonacciList(n_)\n  say 'Fibonacci sequence to' n_\n  brenfordDeveation(fibList)\n  return\n\xa0""}"
17,"{'from': 'human', 'value': 'Explain how to detect prime numbers in Python. '}","{'from': 'gpt', 'value': 'We can detect prime numbers in Python by using a for loop. The for loop will iterate over all numbers from 2 up to the given number. For each number we loop through, we check to see if the number is divisible by any other number greater than 1. If the number is divisible by any other number, then we know it is not a prime number. If the number is only divisible by 1 and itself, then we know it is a prime number.'}"
18,"{'from': 'human', 'value': 'How did ancient civilizations calculate the volume of a cone without calculus?'}","{'from': 'gpt', 'value': ""Ancient civilizations used various methods to calculate the volume of a cone without calculus. One method, attributed to Eudoxus (408-355 BC), involves dividing the cone into an infinite number of infinitesimally small pyramids. The volume of each pyramid is then calculated and summed to obtain the volume of the cone. Another method, known as Cavalieri's principle, involves slicing the cone into an infinite number of infinitesimally thin disks. The area of each disk is then calculated and summed to obtain the volume of the cone. These methods, although not as rigorous as modern calculus-based methods, provide accurate approximations of the volume of a cone.""}"
19,"{'from': 'human', 'value': 'Write Python code to solve the task:\nSherlock and Watson are playing swapping game. Watson gives to Sherlock a string S on which he has performed K swaps. You need to help Sherlock in finding the original string.  \nOne swap on a string is performed in this way:   \nAssuming 1 indexing, the i\'th letter from the end is inserted\n   between i\'th and (i+1)\'th letter from the starting.\n\nFor example, we have ""contest"". After one swap, it would change to ""ctosnet"".\nCheck this image:\n\nInput: \nFirst line contains K, the number of swaps performed by Watson. Next line contains S, the string Watson gives to Sherlock.\n\nOutput: \nYou have to print in one line the original string with which Watson had started.     \n\nConstraints: \n1 ≤ K ≤ 10^9 \n3 ≤ Length(S) ≤ 1000  \nAll characters in S will be small English alphabets.\n\nSAMPLE INPUT\n3\nhrrkhceaate\n\nSAMPLE OUTPUT\nhackerearth\n\nExplanation\n\nWhen swapping is done on ""hackerearth"" 3 times, it transforms to ""hrrkhceaate"".'}","{'from': 'gpt', 'value': ""Step 1:  To solve this problem, we need to understand the process of swapping letters in a string and how it changes the order of the letters.\nStep 2:  We should start by using a while loop to iterate through the process of swapping the letters in the string until it is restored to its original order.\nStep 3:  We also need to consider the number of swaps required to restore the original string.\nStep 4:  We'll keep track of the number of swaps required and print the original string after the swaps are performed.\nStep 5:  We should also handle the scenario where the number of swaps is larger than the number of swaps required to restore the original string.\n```python\n# Step 6:  Input: K, the number of swaps, and the string S\nk = int(input())\nstring = input()\n\n# Step 7:  Convert the string to a list of characters\nstr1 = list(string)\n\n# Step 8:  Initialize two empty lists part1 and part2\npart1 = []\npart2 = []\n\n# Step 9:  Get the length of the string\nlength = len(str1)\n\n# Step 10:  Initialize a variable to track the number of swaps\ncount = 1\n\n# Step 11:  Iterate through the swapping process until the string is restored to its original order\nwhile True:\n    # Step 12:  For each even index, append the character to part1. For the next index, append the character to part2.\n    \n    for i in range(0, length, 2):\n        part1.append(str1[i])\n        if i+1 < length:\n            part2.append(str1[i+1])\n    # Step 13:  Reverse part2 and combine both parts to restore the string\n    \n    str1 = part1 + part2[::-1]\n    part1 = []\n    part2 = []\n    string1 = ''.join(str1)\n    # Step 14:  Check if the string is restored to its original order\n    \n    if string == string1:\n        break\n    count += 1\n\n# Step 15:  Calculate the remaining swaps needed based on k and the total swaps required\ncount1 = k % count\nstr1 = list(string)\n\n# Step 16:  Perform the remaining swaps\nwhile count1 > 0:\n    count1 -= 1\n    for i in range(0, length, 2):\n        part1.append(str1[i])\n        if i+1 < length:\n            part2.append(str1[i+1])\n    str1 = part1 + part2[::-1]\n    part1 = []\n    part2 = []\n\n# Step 17:  Print the original string after the swaps are performed\nprint(''.join(str1))\n\n```""}"
